family,K,lam,final_mean,final_std,auc_mean,auc_std
mirai,0,0.5,818.0,254.83955736894538,285.48171845937907,159.42410166381998
mirai,0,1.0,818.0,254.83955736894538,285.48171845937907,159.42410166381998
mirai,0,1.5,818.0,254.83955736894538,285.48171845937907,159.42410166381998
mirai,0,2.0,818.0,254.83955736894538,285.48171845937907,159.42410166381998
mirai,0,2.5,818.0,254.83955736894538,285.48171845937907,159.42410166381998
mirai,0,3.0,818.0,254.83955736894538,285.48171845937907,159.42410166381998
mirai,0,5.0,818.0,254.83955736894538,285.48171845937907,159.42410166381998
mirai,0,10.0,818.0,254.83955736894538,285.48171845937907,159.42410166381998
mirai,0,15.0,818.0,254.83955736894538,285.48171845937907,159.42410166381998
mirai,0,20.0,818.0,254.83955736894538,285.48171845937907,159.42410166381998
mirai,1,0.5,833.0,267.8805704040515,260.2952567632136,142.3577623626389
mirai,1,1.0,833.0,267.8805704040515,282.10155123652765,156.56651039721555
mirai,1,1.5,833.0,267.8805704040515,283.82941244189965,155.77476280997405
mirai,1,2.0,833.0,267.8805704040515,285.5834201744478,156.70673998136817
mirai,1,2.5,833.0,267.8805704040515,286.18889792161633,157.46515698127627
mirai,1,3.0,833.0,267.8805704040515,286.18889792161633,157.46515698127627
mirai,1,5.0,833.0,267.8805704040515,287.7262922046771,159.09800823993427
mirai,1,10.0,833.0,267.8805704040515,290.7895068357592,162.89076556564302
mirai,1,15.0,833.0,267.8805704040515,290.7895068357592,162.89076556564302
mirai,1,20.0,833.0,267.8805704040515,290.7895068357592,162.89076556564302
mirai,2,0.5,838.6,274.1945294859108,257.48367932344024,139.13561128800433
mirai,2,1.0,838.6,274.1945294859108,282.64630223660635,152.63835365531892
mirai,2,1.5,838.6,274.1945294859108,284.1973989232198,154.3877728574921
mirai,2,2.0,838.6,274.1945294859108,287.00478586287227,158.34859211476362
mirai,2,2.5,838.6,274.1945294859108,287.0900963434512,158.21083967341218
mirai,2,3.0,838.6,274.1945294859108,288.19572062281134,159.66775049986984
mirai,2,5.0,838.6,274.1945294859108,291.0467198165343,163.15272846396226
mirai,2,10.0,838.6,274.1945294859108,293.4827126579021,165.9797038191419
mirai,2,15.0,838.6,274.1945294859108,293.3810689442994,165.8212218031112
mirai,2,20.0,838.6,274.1945294859108,293.4642811205329,165.89426165650153
mirai,3,0.5,840.6,274.57064664672373,239.8920513524666,135.25020953444417
mirai,3,1.0,840.6,274.57064664672373,281.313851416972,150.3980091536306
mirai,3,1.5,840.6,274.57064664672373,283.01706072247123,151.84084978806487
mirai,3,2.0,840.6,274.57064664672373,286.14046224984077,156.24775808864894
mirai,3,2.5,840.6,274.57064664672373,288.9257567614312,160.29769367587934
mirai,3,3.0,840.6,274.57064664672373,289.69618106925327,160.72786748814386
mirai,3,5.0,840.6,274.57064664672373,291.7816635716616,163.12297174347455
mirai,3,10.0,840.6,274.57064664672373,294.26897691370965,166.02096611065502
mirai,3,15.0,840.6,274.57064664672373,294.1957681004045,165.89513716809026
mirai,3,20.0,840.6,274.57064664672373,294.3349015570658,166.0448955445074
mirai,4,0.5,870.2,302.4085977613732,242.72034864996286,138.56836743263537
mirai,4,1.0,870.2,302.4085977613732,293.4235565044691,161.49887739829094
mirai,4,1.5,870.2,302.4085977613732,296.68837225705045,164.9259732266233
mirai,4,2.0,870.2,302.4085977613732,301.4086649114811,171.01694913360043
mirai,4,2.5,870.2,302.4085977613732,302.97113768985946,172.82723452051417
mirai,4,3.0,870.2,302.4085977613732,302.94601163133063,172.80113393928212
mirai,4,5.0,870.2,302.4085977613732,305.01658842036755,175.21850037005902
mirai,4,10.0,870.2,302.4085977613732,307.4079449835866,178.0027621215258
mirai,4,15.0,870.2,302.4085977613732,307.3378107176022,177.88927976582312
mirai,4,20.0,870.2,302.4085977613732,307.4788716387914,178.04342238516807
mirai,5,0.5,870.8,302.8982667497455,237.485945589308,138.57153064758123
mirai,5,1.0,870.8,302.8982667497455,288.8052256751926,155.3862039721382
mirai,5,1.5,870.8,302.8982667497455,299.36500744845966,169.01428990930162
mirai,5,2.0,870.8,302.8982667497455,301.62918329988435,171.254379472933
mirai,5,2.5,870.8,302.8982667497455,303.0985404799909,172.97572347617526
mirai,5,3.0,870.8,302.8982667497455,305.20151221913864,175.39001126615935
mirai,5,5.0,870.8,302.8982667497455,305.1478021781625,175.35389567693127
mirai,5,10.0,870.8,302.8982667497455,307.51608025921547,178.10031453332357
mirai,5,15.0,870.8,302.8982667497455,307.4480239535422,177.98868603401573
mirai,5,20.0,870.8,302.8982667497455,307.59215729978723,178.14563224238069
mirai,6,0.5,870.8,302.8982667497455,230.52576053252983,135.20157209418315
mirai,6,1.0,870.8,302.8982667497455,286.9779156980459,153.5000684622105
mirai,6,1.5,870.8,302.8982667497455,298.77868776925595,168.01349441479832
mirai,6,2.0,870.8,302.8982667497455,301.40724647204246,171.07480770335232
mirai,6,2.5,870.8,302.8982667497455,302.90623951588975,172.8400020200541
mirai,6,3.0,870.8,302.8982667497455,305.0343632598025,175.2706612770383
mirai,6,5.0,870.8,302.8982667497455,307.44828701977815,178.09841846610334
mirai,6,10.0,870.8,302.8982667497455,307.46248568518894,178.10053924277605
mirai,6,15.0,870.8,302.8982667497455,307.3942855320738,177.98911103898703
mirai,6,20.0,870.8,302.8982667497455,307.5385627257607,178.145856689219
mirai,8,0.5,871.4,302.26915158513947,222.92654049106346,130.2104113998915
mirai,8,1.0,871.4,302.26915158513947,295.8666548755021,164.47657978891172
mirai,8,1.5,871.4,302.26915158513947,298.44099173977594,167.23659728792956
mirai,8,2.0,871.4,302.26915158513947,303.00064634203306,172.51796365122215
mirai,8,2.5,871.4,302.26915158513947,302.90800441858903,172.4420261081252
mirai,8,3.0,871.4,302.26915158513947,305.13078838196844,174.9786174632981
mirai,8,5.0,871.4,302.26915158513947,307.5811407785303,177.83621125893558
mirai,8,10.0,871.4,302.26915158513947,307.59607390358644,177.8389087739372
mirai,8,15.0,871.4,302.26915158513947,307.52960232729515,177.72872854330532
mirai,8,20.0,871.4,302.26915158513947,310.74756628921074,181.50155501443626
mirai,10,0.5,871.2,301.70144182618685,215.96374554896778,125.6523447569093
mirai,10,1.0,871.2,301.70144182618685,293.3892123331331,161.7870394916223
mirai,10,1.5,871.2,301.70144182618685,298.1014771253421,166.88026300372056
mirai,10,2.0,871.2,301.70144182618685,302.9384371389998,172.44845513930642
mirai,10,2.5,871.2,301.70144182618685,304.8810638142604,174.71944575946674
mirai,10,3.0,871.2,301.70144182618685,305.10408426223285,174.94323086491448
mirai,10,5.0,871.2,301.70144182618685,307.5562456088171,177.79997037331543
mirai,10,10.0,871.2,301.70144182618685,307.57176018974354,177.80185921333592
mirai,10,15.0,871.2,301.70144182618685,310.578975381681,181.30688592791537
mirai,10,20.0,871.2,301.70144182618685,310.72355185026333,181.46373803352552
mirai,15,0.5,877.0,296.21478693677665,208.1086337817403,122.05057614305679
mirai,15,1.0,877.0,296.21478693677665,290.9059207279579,153.6693468505278
mirai,15,1.5,877.0,296.21478693677665,301.5261454479062,165.72189448601347
mirai,15,2.0,877.0,296.21478693677665,305.18874075788386,169.92498976331993
mirai,15,2.5,877.0,296.21478693677665,307.1314969355746,172.2074249696187
mirai,15,3.0,877.0,296.21478693677665,309.77773751814004,175.2639755928443
mirai,15,5.0,877.0,296.21478693677665,309.80751332831744,175.3004399131566
mirai,15,10.0,877.0,296.21478693677665,312.90010126968986,178.9336607553633
mirai,15,15.0,877.0,296.21478693677665,312.8343283076893,178.82002025146375
mirai,15,20.0,877.0,296.21478693677665,312.9793804939615,178.97678463516579
mirai,20,0.5,884.0,296.2681218086077,195.68387256727806,109.35362020428637
mirai,20,1.0,884.0,296.2681218086077,289.3155745375595,149.7422531646105
mirai,20,1.5,884.0,296.2681218086077,305.1381027699657,167.39779483822102
mirai,20,2.0,884.0,296.2681218086077,309.3254305582324,172.20111887750164
mirai,20,2.5,884.0,296.2681218086077,309.27067999243695,172.1535891209273
mirai,20,3.0,884.0,296.2681218086077,311.91977006721334,175.20590277179568
mirai,20,5.0,884.0,296.2681218086077,311.95354161544054,175.24022426318336
mirai,20,10.0,884.0,296.2681218086077,315.04932436948576,178.87024328742424
mirai,20,15.0,884.0,296.2681218086077,314.98493716300163,178.75707955941928
mirai,20,20.0,884.0,296.2681218086077,315.13206542599846,178.91480241145132
mirai,30,0.5,887.4,298.09837302474494,179.55378002740298,96.4867282735771
mirai,30,1.0,887.4,298.09837302474494,284.23625822100524,144.61723669685148
mirai,30,1.5,887.4,298.09837302474494,307.4319123686586,169.86744850091915
mirai,30,2.0,887.4,298.09837302474494,309.93127955424467,172.70468775733258
mirai,30,2.5,887.4,298.09837302474494,312.3015474572878,175.49170956646284
mirai,30,3.0,887.4,298.09837302474494,312.5334686440307,175.71294649751684
mirai,30,5.0,887.4,298.09837302474494,315.6433194845881,179.37870837381192
mirai,30,10.0,887.4,298.09837302474494,315.6671456875837,179.37563981813787
mirai,30,15.0,887.4,298.09837302474494,315.6024037222488,179.26391342520716
mirai,30,20.0,887.4,298.09837302474494,315.75036672426484,179.42207163895134
mirai,40,0.5,893.4,296.0855281840029,169.06993644560595,86.47029293155468
mirai,40,1.0,893.4,296.0855281840029,282.6234215968685,139.30252029349802
mirai,40,1.5,893.4,296.0855281840029,311.83605261948264,171.11346921286048
mirai,40,2.0,893.4,296.0855281840029,314.76306961679484,174.46176112814132
mirai,40,2.5,893.4,296.0855281840029,314.71483412290934,174.42219727933977
mirai,40,3.0,893.4,296.0855281840029,314.9472130422486,174.64512113857998
mirai,40,5.0,893.4,296.0855281840029,318.06083825615394,178.30532615834835
mirai,40,10.0,893.4,296.0855281840029,318.08483546088394,178.30601682785334
mirai,40,15.0,893.4,296.0855281840029,318.0205723717387,178.1942034405347
mirai,40,20.0,893.4,296.0855281840029,318.1695469196312,178.35235609525228
gafgyt,0,0.5,120.2,23.12920232087566,36.666470148973325,15.145309917261892
gafgyt,0,1.0,120.2,23.12920232087566,36.666470148973325,15.145309917261892
gafgyt,0,1.5,120.2,23.12920232087566,36.666470148973325,15.145309917261892
gafgyt,0,2.0,120.2,23.12920232087566,36.666470148973325,15.145309917261892
gafgyt,0,2.5,120.2,23.12920232087566,36.666470148973325,15.145309917261892
gafgyt,0,3.0,120.2,23.12920232087566,36.666470148973325,15.145309917261892
gafgyt,0,5.0,120.2,23.12920232087566,36.666470148973325,15.145309917261892
gafgyt,0,10.0,120.2,23.12920232087566,36.666470148973325,15.145309917261892
gafgyt,0,15.0,120.2,23.12920232087566,36.666470148973325,15.145309917261892
gafgyt,0,20.0,120.2,23.12920232087566,36.666470148973325,15.145309917261892
gafgyt,1,0.5,130.6,24.12135982899803,39.01421105191683,13.432527666043084
gafgyt,1,1.0,130.6,24.12135982899803,41.295803313678,15.114382752856274
gafgyt,1,1.5,130.6,24.12135982899803,41.46842258499335,15.006636986678242
gafgyt,1,2.0,130.6,24.12135982899803,41.58298313068085,14.907090850588425
gafgyt,1,2.5,130.6,24.12135982899803,41.58298313068085,14.907090850588425
gafgyt,1,3.0,130.6,24.12135982899803,41.8132988636481,15.129823779371597
gafgyt,1,5.0,130.6,24.12135982899803,41.846543399535875,15.176661941951798
gafgyt,1,10.0,130.6,24.12135982899803,41.83095441699599,15.178713047452685
gafgyt,1,15.0,130.6,24.12135982899803,41.83095441699599,15.178713047452685
gafgyt,1,20.0,130.6,24.12135982899803,41.83095441699599,15.178713047452685
gafgyt,2,0.5,134.8,28.631451238105274,40.471000687065484,15.086710907685516
gafgyt,2,1.0,134.8,28.631451238105274,42.93617691979358,16.325079416550466
gafgyt,2,1.5,134.8,28.631451238105274,43.42381031317548,16.80748908282125
gafgyt,2,2.0,134.8,28.631451238105274,43.46491231307424,16.797535510057738
gafgyt,2,2.5,134.8,28.631451238105274,43.49370946955317,16.815473463309424
gafgyt,2,3.0,134.8,28.631451238105274,43.51389372974513,16.79224342969824
gafgyt,2,5.0,134.8,28.631451238105274,43.593964558533784,16.93085389829347
gafgyt,2,10.0,134.8,28.631451238105274,43.63698553776948,16.960524386660317
gafgyt,2,15.0,134.8,28.631451238105274,43.762082882792036,17.096307781680764
gafgyt,2,20.0,134.8,28.631451238105274,43.762082882792036,17.096307781680764
gafgyt,3,0.5,140.0,35.61460374621625,39.71218469444091,15.367221052492738
gafgyt,3,1.0,140.0,35.61460374621625,45.03650060637393,19.08245440801716
gafgyt,3,1.5,140.0,35.61460374621625,45.28719179233189,19.064143536360422
gafgyt,3,2.0,140.0,35.61460374621625,45.4338967848084,19.139155455468785
gafgyt,3,2.5,140.0,35.61460374621625,45.40144580285364,19.144750551428803
gafgyt,3,3.0,140.0,35.61460374621625,45.536334493416874,19.2873131111187
gafgyt,3,5.0,140.0,35.61460374621625,45.563803163569084,19.27769456178062
gafgyt,3,10.0,140.0,35.61460374621625,45.745235589831694,19.461981970398156
gafgyt,3,15.0,140.0,35.61460374621625,45.75657817881158,19.45807630671795
gafgyt,3,20.0,140.0,35.61460374621625,45.75657817881158,19.45807630671795
gafgyt,4,0.5,140.4,35.57302348690648,38.84605001641185,15.170048297167359
gafgyt,4,1.0,140.4,35.57302348690648,44.79992373027145,18.82291666808745
gafgyt,4,1.5,140.4,35.57302348690648,45.29447730589105,18.91202181251354
gafgyt,4,2.0,140.4,35.57302348690648,45.49795763111366,19.183349148635205
gafgyt,4,2.5,140.4,35.57302348690648,45.600126055483464,19.23599783431646
gafgyt,4,3.0,140.4,35.57302348690648,45.635365438224554,19.263283637632096
gafgyt,4,5.0,140.4,35.57302348690648,45.698662794921404,19.297128048485828
gafgyt,4,10.0,140.4,35.57302348690648,45.89080332895763,19.496606394465214
gafgyt,4,15.0,140.4,35.57302348690648,45.902516047079914,19.492397670176118
gafgyt,4,20.0,140.4,35.57302348690648,45.902516047079914,19.492397670176118
gafgyt,5,0.5,142.8,38.191098439296034,38.567615492833376,15.496329430112512
gafgyt,5,1.0,142.8,38.191098439296034,45.5334165762929,19.871358180271788
gafgyt,5,1.5,142.8,38.191098439296034,46.09515879626146,19.975234299931085
gafgyt,5,2.0,142.8,38.191098439296034,46.296141267111594,20.13449911316109
gafgyt,5,2.5,142.8,38.191098439296034,46.43335586013014,20.267612398655853
gafgyt,5,3.0,142.8,38.191098439296034,46.458795106898236,20.26244733511748
gafgyt,5,5.0,142.8,38.191098439296034,46.63409769327594,20.420469285057166
gafgyt,5,10.0,142.8,38.191098439296034,46.71699805440122,20.49750496113693
gafgyt,5,15.0,142.8,38.191098439296034,46.72871077252351,20.49312055342666
gafgyt,5,20.0,142.8,38.191098439296034,46.72871077252351,20.49312055342666
gafgyt,6,0.5,143.6,39.2917294096353,41.21058795553907,19.047754090503993
gafgyt,6,1.0,143.6,39.2917294096353,45.801602570242686,20.212490959834454
gafgyt,6,1.5,143.6,39.2917294096353,46.53925630648339,20.621652868850912
gafgyt,6,2.0,143.6,39.2917294096353,46.809847351850934,20.834931931750415
gafgyt,6,2.5,143.6,39.2917294096353,46.83309498128663,20.816326893657244
gafgyt,6,3.0,143.6,39.2917294096353,46.86661060808582,20.822025943446665
gafgyt,6,5.0,143.6,39.2917294096353,47.0282206401235,20.962265223650377
gafgyt,6,10.0,143.6,39.2917294096353,47.106497089480364,21.032950367622206
gafgyt,6,15.0,143.6,39.2917294096353,47.11774414683448,21.027976122955245
gafgyt,6,20.0,143.6,39.2917294096353,47.1195472047408,21.03053566570361
gafgyt,8,0.5,146.4,41.85020907952552,38.61878150550877,16.597382417707642
gafgyt,8,1.0,146.4,41.85020907952552,46.312448679304275,20.723677635157177
gafgyt,8,1.5,146.4,41.85020907952552,47.53213420189839,21.490806787395993
gafgyt,8,2.0,146.4,41.85020907952552,47.765656216463604,21.655117443742217
gafgyt,8,2.5,146.4,41.85020907952552,47.79272991585623,21.64364280462138
gafgyt,8,3.0,146.4,41.85020907952552,47.94240291396348,21.78584030746417
gafgyt,8,5.0,146.4,41.85020907952552,47.992971861434434,21.80049029512098
gafgyt,8,10.0,146.4,41.85020907952552,48.06978733387834,21.869797273451482
gafgyt,8,15.0,146.4,41.85020907952552,48.08103439123245,21.864471510573882
gafgyt,8,20.0,146.4,41.85020907952552,48.08103439123245,21.864471510573882
gafgyt,10,0.5,147.0,42.89522117905443,37.422269660569334,15.904517688897366
gafgyt,10,1.0,147.0,42.89522117905443,46.22202132251815,20.845832461574435
gafgyt,10,1.5,147.0,42.89522117905443,47.870392136029096,21.970590566226363
gafgyt,10,2.0,147.0,42.89522117905443,48.06076256681301,22.073795813284736
gafgyt,10,2.5,147.0,42.89522117905443,48.20660106517762,22.201894302934047
gafgyt,10,3.0,147.0,42.89522117905443,48.24447394564725,22.211908643217942
gafgyt,10,5.0,147.0,42.89522117905443,48.29518226089387,22.225597153580193
gafgyt,10,10.0,147.0,42.89522117905443,48.37790933914385,22.301313667239906
gafgyt,10,15.0,147.0,42.89522117905443,48.38915639649797,22.295920069444517
gafgyt,10,20.0,147.0,42.89522117905443,48.38915639649797,22.295920069444517
gafgyt,15,0.5,151.0,49.9799959983992,41.3559169228934,21.983657777544604
gafgyt,15,1.0,151.0,49.9799959983992,46.696122578997986,22.07940648702714
gafgyt,15,1.5,151.0,49.9799959983992,49.12693779922746,23.79354687956805
gafgyt,15,2.0,151.0,49.9799959983992,49.32459299559107,23.893341582942696
gafgyt,15,2.5,151.0,49.9799959983992,49.358174387667866,23.882392721631412
gafgyt,15,3.0,151.0,49.9799959983992,49.39460321921551,23.887686192000373
gafgyt,15,5.0,151.0,49.9799959983992,49.44856931306741,23.90379679944159
gafgyt,15,10.0,151.0,49.9799959983992,49.53252273632501,23.979767095271434
gafgyt,15,15.0,151.0,49.9799959983992,49.54389271808866,23.974470840056696
gafgyt,15,20.0,151.0,49.9799959983992,49.54389271808866,23.974470840056696
gafgyt,20,0.5,155.4,52.939965999233515,37.130856058138576,17.271654717441272
gafgyt,20,1.0,155.4,52.939965999233515,47.19609455931895,22.12339503428551
gafgyt,20,1.5,155.4,52.939965999233515,50.26239916734673,24.387254825620772
gafgyt,20,2.0,155.4,52.939965999233515,50.46652482713603,24.491826524169678
gafgyt,20,2.5,155.4,52.939965999233515,50.502078639426216,24.480847277722958
gafgyt,20,3.0,155.4,52.939965999233515,50.5402048883348,24.48675696422255
gafgyt,20,5.0,155.4,52.939965999233515,50.59727018741872,24.505960260072545
gafgyt,20,10.0,155.4,52.939965999233515,50.68306937348656,24.583563321640504
gafgyt,20,15.0,155.4,52.939965999233515,50.69474796993187,24.57819661827703
gafgyt,20,20.0,155.4,52.939965999233515,50.69474796993187,24.57819661827703
gafgyt,30,0.5,161.8,57.71100414998859,37.78679843009629,16.65573301565685
gafgyt,30,1.0,161.8,57.71100414998859,48.90308126707875,23.22509396233829
gafgyt,30,1.5,161.8,57.71100414998859,51.608546381212236,25.245396254922593
gafgyt,30,2.0,161.8,57.71100414998859,51.80085174649673,25.36387610487004
gafgyt,30,2.5,161.8,57.71100414998859,51.83116033247499,25.35566795052444
gafgyt,30,3.0,161.8,57.71100414998859,51.86721046126282,25.36092140473104
gafgyt,30,5.0,161.8,57.71100414998859,51.92226541957382,25.382377185152205
gafgyt,30,10.0,161.8,57.71100414998859,52.008414432822995,25.45862447975017
gafgyt,30,15.0,161.8,57.71100414998859,52.01720671738137,25.45523221607561
gafgyt,30,20.0,161.8,57.71100414998859,52.01720671738137,25.45523221607561
gafgyt,40,0.5,170.0,54.651623946594675,36.531285034084476,13.117785410872681
gafgyt,40,1.0,170.0,54.651623946594675,50.03442595805596,21.77307917307407
gafgyt,40,1.5,170.0,54.651623946594675,53.31778472616937,24.53020577033636
gafgyt,40,2.0,170.0,54.651623946594675,53.51462856336178,24.645469781654864
gafgyt,40,2.5,170.0,54.651623946594675,53.54715800138407,24.633241927144343
gafgyt,40,3.0,170.0,54.651623946594675,53.58502596602974,24.635887338478902
gafgyt,40,5.0,170.0,54.651623946594675,53.641021147123276,24.65556868360462
gafgyt,40,10.0,170.0,54.651623946594675,53.72762211030513,24.729114500906732
gafgyt,40,15.0,170.0,54.651623946594675,53.73673949378714,24.72595595758058
gafgyt,40,20.0,170.0,54.651623946594675,53.73673949378714,24.72595595758058
